{
    "total_runtime": 0.6912298202514648,
    "num_documents": 1,
    "input_load_time": 0,
    "workflows": {
        "create_base_text_units": {
            "overall": 0.49214625358581543,
            "0_orderby": 0.0027878284454345703,
            "1_zip": 0.004917621612548828,
            "2_aggregate_override": 0.007629871368408203,
            "3_chunk": 0.33583927154541016,
            "4_select": 0.004197835922241211,
            "5_unroll": 0.00812077522277832,
            "6_rename": 0.006106853485107422,
            "7_genid": 0.0431516170501709,
            "8_unzip": 0.006347179412841797,
            "9_copy": 0.004739284515380859,
            "10_filter": 0.06598544120788574
        }
    }
}